渠道商名称,渠道商编号,商户名称,商户编号,省,市,区,地址
广州优融网络科技有限责任公司,10000000830,古城区阅古楼客栈,100000621620,云南省,大理白族自治州,挖色镇,挖色洱海边
广州优融网络科技有限责任公司,10000000830,北京东水科技有限公司,100000681059,北京市,市辖区,西城区,北京市西城区红局街5-5号
广州优融网络科技有限责任公司,10000000830,成都十二维科技有限公司,100000628461,四川省,成都市,高新区,成都市高新区天府五街美年广场C座812
广州优融网络科技有限责任公司,10000000830,深圳市至尊宝贝儿童游乐有限公司,100000629367,广东省,深圳市,龙华新区,龙华新区江南华府1栋办公楼508
广州优融网络科技有限责任公司,10000000830,东莞宝中旅行社有限公司,100000600657,广东省,东莞市,市辖区,东莞市莞城街道创业社区莞太大道5号讯通大厦D5号商铺
广州优融网络科技有限责任公司,10000000830,深圳市龙岗区何庆新手机通讯店,100000806138,广东省,广州市,龙岗区,龙岗区横岗街道西坑社区凤凰6A7
广州优融网络科技有限责任公司,10000000830,深圳市龙岗区平湖信成植绒材料行,100000559711,广东省,深圳市,龙岗区,华南大道一号华南国际服装城
广州优融网络科技有限责任公司,10000000830,东方饼铺-测试,100000002249,福建,厦门市,思明区,禾祥东路32号
广州优融网络科技有限责任公司,10000000830,东莞市沙田依锦服装商行,100000469347,广东省,东莞市,沙田镇,沙田镇
广州优融网络科技有限责任公司,10000000830,深圳市安宝区沙井多多鞋吧,100000687577,广东省,深圳市,宝安区,深圳市安宝区沙井街道西环路2009号
广州优融网络科技有限责任公司,10000000830,文广布艺店,100000901833,江西省,南昌市,青云区,南昌市青云区农副产品中心市场
广州优融网络科技有限责任公司,10000000830,浪潮硬件科技有限公司,100001143625,上海市,市辖区,崇明县,崇明县竖新镇响椿路58号西一楼207
广州优融网络科技有限责任公司,10000000830,四会市宏凌电器商行,100000649168,广东省,肇庆市,四会市,翡翠山河3期86号
广州优融网络科技有限责任公司,10000000830,深圳市优来吧科技有限公司,100001143780,广东省,深圳市,南山区,深圳市前海深港合作区前海湾一路1号A栋201室
广州优融网络科技有限责任公司,10000000830,泰安万和电子有限公司,100000644911,山东省,泰安市,龙岗区,深圳市龙岗区龙翔大道建新社区
广州优融网络科技有限责任公司,10000000830,深圳市爱车回家汽车实业投资有限责任公司,100000658443,广东省,深圳市,南山区,深圳市前海深港合作区前湾一路1号A 栋201
广州优融网络科技有限责任公司,10000000830,通化市东昌区满天星咖啡吧,100000504069,吉林,通化市,东昌区,通化市新城路5号（市社保局楼下）
广州优融网络科技有限责任公司,10000000830,重庆市音乐一号科技有限公司,100000641246,重庆市,市辖区,龙岗区,深圳市龙岗区爱联坡头背新村
广州优融网络科技有限责任公司,10000000830,河南万民乐文化传播有限公司,100000768085,河南省,郑州市,郑东新区,郑州市郑东新区金水东路美盛中心1210
广州优融网络科技有限责任公司,10000000830,古城区红尘客栈,100001020198,云南省,丽江市,古城区,丽江五一街文治巷93号
广州优融网络科技有限责任公司,10000000830,深圳市安迪服饰,100001304449,广东省,深圳市,南山区,白石洲欢乐购商场1039铺
广州优融网络科技有限责任公司,10000000830,万田生活超市,100000637488,广东省,东莞市,NULL,旅途路368
广州优融网络科技有限责任公司,10000000830,深圳市龙华新区三月食馆,100000596974,广东省,深圳市,龙华新区,龙华新区鹏华香域花园
广州优融网络科技有限责任公司,10000000830,深圳市梦璐服饰有限公司,100000644879,广东省,深圳市,龙岗区,坂田街道梅坂大道家和花园A栋308
广州优融网络科技有限责任公司,10000000830,上海悠源网络科技有限公司,100001146897,上海市,市辖区,崇明县,崇明县竖新镇响椿路58号西3楼408
广州优融网络科技有限责任公司,10000000830,广州市天河富田拉面馆,100000603467,广东省,广州市,天河区,天河北路181号祥龙花园首层恒信茗点
